Name,Feature,Type,Color
(SBS) 30nt_M13R,AGCGGATAACAATTTCACACAGGA,primer,grey
(SBS) ACYC Duet Up1,GGATCTCGACGCTCTCCCT,primer,grey
(SBS) BGH Reverse,TAGAAGGCACAGTCGAGG,primer,grey
(SBS) C.elegansRNAi F,GTTTTCCCAGTCACGACGTT,primer,grey
(SBS) CMVF_pCDNA3,CAACGGGACTTTCCAAAATG,primer,grey
(SBS) Duet Down1,GATTATGCGGCCGTGTACAA,primer,grey
(SBS) EGFP C F,CATGGTCCTGCTGGAGTTCGTG,primer,grey
(SBS) EGFP C R,GTTCAGGGGGAGGTGTG,primer,grey
(SBS) EGFP Nrev,CGTCGCCGTCCAGCTCGACCAG,primer,grey
(SBS) KS,CCTCGAGGTCGACGGTATCG,primer,grey
(SBS) M13R,CAGGAAACAGCTATGACC,primer,grey
(SBS) M13F,TGTAAAACGACGGCCAGT,primer,grey
(SBS) PBADF,ATGCCATAGCATTTTTATCC,primer,grey
(SBS) PBADR,GATTTAATCTGTATCAGG,primer,grey
(SBS) pCMV forward,GAGCTCGTTTAGTGAACCGTC,primer,grey
(SBS) pCMV reverse,CAAGGCCAGGAGAGGCACTG,primer,grey
(SBS) PDONR201 3PRIME,CATCAGAGATTTTGAGACAC,primer,grey
(SBS) PDONR201 5PRIME,GCAGTTCCCTACTCTCGC,primer,grey
(SBS) PDONR201 Forward,TCGCGTTAACGCTAGCATGGATCTC,primer,grey
(SBS) PDONR201 Reverse,GTAACATCAGAGATTTTGAGACAC,primer,grey
(SBS) pEXPRESS_F,TATGGCTAGCATGACTGGt,primer,grey
(SBS) PGEX 3',CCGGGAGCTGCATGTGTCAGAGG,primer,grey
(SBS) PGEX 5',GGGCTGGCAAGCCACGTTTGGTG,primer,grey
(SBS) malEforward,GGTCGTCAGACTGTCGATGAAGCC,primer,grey
(SBS) PME18SF,CTTCTGCTCTAAAAGCTGCG,primer,grey
(SBS) PME18SR,GCACCTGCAGCTCGAGCACA,primer,grey
(SBS) POLYA,AAAAAAAAAAAAAAAAAAAAAAAAB,primer,grey
(SBS) POLYT,TTTTTTTTTTTTTTTTTTTTTTTTV,primer,grey
(SBS) PQE30 forward,CCCGAAAAGTGCCACCTG,primer,grey
(SBS) PQE30 reverse,GTTCTGAGGTCATTACTGG,primer,grey
(SBS) pTargeT reverse,TTACGCCAAGTTATTTAGGTGACA,primer,grey
(SBS) pTrcHis_F,GAGGTATATATATTAATGTATCG,primer,grey
(SBS) SK,CGGCCGCTCTAGAACTAGTGGATC,primer,grey
(SBS) SP6 promoter,ATTTAGGTGACACTATAG,primer,grey
(SBS) T3,ATTAACCCTCACTAAAG,primer,grey
(SBS) T7 promoter (F),TAATACGACTCACTATAGGG,primer,grey
(SBS) T7 terminator (R),GCTAGTTATTGCTCAGCGG,primer,grey
(SBS) pCEP-Forward,AGAGCTCGTTTAGTGAACCG,primer,grey
(SBS) pCEP-Reverse,GTGGTTTGTCCAAACTCATC,primer,grey
(SBS) pEF1a fwd,ATTTGCCCTTTTTGAGTTTGG,primer,grey
